{
  "full_system": 2.5875007271766663,
  "fixed_alpha_0.5": 2.6019484490156173,
  "linear_mapping": 2.5876944065093994,
  "no_blending_dfn_full": 1.5670810222625733
}